,S0,S2,S3,S4,S5,S1
Aldh9a1,0,1,1,1,1,0
Umps,0,1,1,1,1,0
Cenpf,0,1,0,1,1,0
Ccnb1,0,1,0,1,1,0
Lbp,0,0,1,0,1,0
Cpox,0,1,0,1,1,0
Uimc1,0,1,0,1,1,0
Col5a1,0,0,0,1,0,0
Tpm4,0,1,0,0,0,0
Tcf19,0,1,0,1,1,0
Plk1,0,1,0,1,1,0
Cldn13,0,1,0,1,1,0
Kmt2a,0,1,0,0,0,0
Gpr160,0,1,1,0,1,0
Bach2,0,1,0,0,0,0
Gnl3,0,1,1,1,1,0
Naip6,0,1,0,0,1,1
Cnot9,0,1,1,1,1,0
Birc5,0,1,0,1,1,0
Gmnn,0,1,0,1,1,0
Smc4,0,1,0,1,1,0
Cdca3,0,1,0,1,1,0
Ankrd44,0,1,0,0,1,0
Rxra,0,0,0,0,0,1
Ift140,0,1,0,1,1,0
Six5,0,1,0,1,0,0
Mcm2,0,1,1,1,1,0
Hat1,0,1,1,1,1,0
Mcm5,0,1,1,1,1,0
Bub1b,0,1,0,1,1,0
Ctnnal1,0,0,0,0,0,1
Osbpl8,0,1,1,1,1,0
Pxylp1,0,1,0,0,1,0
Tap1,0,1,0,0,1,0
Stat2,0,1,0,0,1,0
Xrcc3,0,1,0,1,1,0
Lmna,0,0,0,1,0,1
Fignl1,0,1,0,1,1,0
Sult1a1,0,0,0,0,0,1
Clp1,0,1,0,1,1,0
B3galnt2,0,1,0,1,1,0
Stt3b,0,1,1,1,1,0
Cybb,0,1,1,0,1,0
Hif1a,0,0,0,1,0,0
Txnrd2,0,1,0,1,1,0
Slc18a2,0,0,0,0,0,1
Elane,0,0,1,0,1,0
Ccna2,0,1,0,1,1,0
Pou2f1,0,0,0,0,1,0
Cdk19,0,1,0,0,1,0
Pigq,0,1,0,1,1,0
Pclaf,0,1,0,1,1,0
Rassf4,0,1,1,0,1,0
Cdca7,0,1,1,1,1,0
Slc30a5,0,1,1,1,1,0
Xbp1,0,1,1,1,1,0
Ccnb2,0,1,0,1,1,0
Ndc1,0,1,0,1,1,0
Prnp,0,1,0,1,1,1
Gfi1b,0,0,0,1,0,0
1700017B05Rik,0,1,0,1,1,0
Tinagl1,0,0,0,0,0,1
Zdhhc13,0,1,1,1,1,0
Cdk6,0,1,1,0,1,0
Cdkn1a,0,1,0,0,1,0
Cd69,0,1,0,0,1,0
Fes,0,1,1,0,1,1
Foxa1,0,1,0,1,0,1
Maff,0,0,0,1,0,0
Zfp263,0,1,0,0,1,1
Mcm4,0,1,1,1,1,0
Slc16a1,0,1,1,1,1,0
Klf6,0,0,0,0,0,1
Cdc45,0,1,0,1,1,0
Lonp1,0,1,0,1,1,0
Dhfr,0,1,0,1,1,0
Uhrf1,0,1,1,1,1,0
Naa50,0,1,1,1,1,0
Slc11a2,0,0,1,1,1,0
Add1,0,0,0,0,0,1
Mrps2,0,1,1,1,1,0
Bid,0,1,1,1,1,0
Rgcc,0,1,0,1,1,0
Abce1,0,1,1,1,1,0
Ncapd2,0,1,1,1,1,0
Runx3,0,1,1,0,1,0
Ripor1,0,1,1,1,1,0
Ctcf,0,0,0,1,0,0
Etf1,0,1,1,1,1,0
Il6st,0,1,0,0,1,0
Top2a,0,1,0,1,1,0
Irf1,0,1,0,0,1,0
Ptdss2,0,1,0,1,1,0
Cyrib,0,1,1,1,1,0
Rasal3,0,1,0,0,0,0
Spire1,0,0,0,1,0,0
Ncs1,0,1,0,0,1,0
Irf8,0,1,1,0,1,0
Lyl1,0,1,0,0,0,0
Mars1,0,1,1,1,1,0
Knl1,0,1,0,1,1,0
Foxo1,0,1,0,0,1,0
Tlcd4,0,1,0,1,1,0
Klf5,0,1,0,0,0,0
Asah1,0,0,0,0,0,1
Nr2f6,0,1,0,1,1,0
Hpn,0,1,0,1,1,0
Sh3bp5,0,1,0,0,1,0
Dut,0,1,0,1,1,0
Aplp2,0,0,0,1,0,1
Rin3,0,1,1,0,1,0
Tgif1,0,1,1,0,1,0
Csf1r,0,1,0,0,1,0
Esr2,0,0,0,1,0,0
Atp8b4,0,1,1,0,1,0
Lef1,0,1,0,0,1,0
Pds5b,0,1,0,1,1,0
Tead1,0,1,0,0,1,0
Rab31,0,1,1,0,0,0
Lasp1,0,1,0,0,0,1
Srm,0,1,1,1,1,0
Hsf1,0,1,0,0,0,0
Acsl5,0,1,1,1,1,0
St3gal5,0,0,0,1,0,1
Trim16,0,1,1,0,1,0
Tacc3,0,1,0,1,1,0
Cenpe,0,1,0,1,1,0
Brd7,0,1,0,1,1,0
Ints11,0,1,0,1,1,0
Mcm7,0,1,1,1,1,0
Cs,0,1,1,1,1,0
Pkib,0,1,0,0,0,0
Sec23b,0,1,0,1,1,0
Bmal1,0,1,0,0,1,0
Nolc1,0,1,1,1,1,0
Asns,0,1,0,1,1,0
Gle1,0,1,1,1,1,0
Mthfd1,0,1,0,1,1,0
Ccm2l,0,0,0,0,0,1
Siglecg,0,1,0,0,1,0
Sorl1,0,1,1,0,1,0
Vps16,0,1,0,1,1,0
Tspan33,0,0,0,1,0,0
Gpsm1,0,1,0,0,0,1
Abcb4,0,0,0,1,0,1
Sphk1,0,0,0,1,0,0
Acss1,0,1,0,1,1,0
Aff3,0,1,0,0,0,0
Rrm2,0,1,0,1,1,0
Hnf4g,0,1,0,0,0,0
F11r,0,0,0,0,0,1
Rptor,0,1,0,1,1,0
Cnih1,0,1,0,1,1,0
Nrf1,0,1,0,0,0,0
Baiap2,0,1,0,0,1,0
Trp53,0,1,0,0,1,0
Golm1,0,0,0,1,0,0
Apoe,0,0,1,0,0,1
Ugdh,0,1,0,0,1,1
Ptpn7,0,1,1,1,1,0
Mad2l1,0,1,0,1,1,0
Dlst,0,1,1,1,1,0
Ppat,0,1,0,1,1,0
Incenp,0,1,0,1,1,0
Rpa1,0,1,1,1,1,0
Fndc3b,0,1,1,0,1,0
Prdm1,0,1,0,0,0,1
Tmem109,0,1,0,1,0,0
Prmt7,0,1,0,1,1,0
Sell,0,1,1,0,1,0
Nfkb1,0,1,0,0,1,0
Tfr2,0,0,0,1,0,1
Tk1,0,1,0,1,1,0
Vim,0,1,1,0,0,0
Nemf,0,1,1,1,1,0
Tmem14c,0,1,1,1,1,0
Atp13a1,0,1,1,1,1,0
Slco3a1,0,1,1,0,1,0
Onecut1,0,1,0,0,0,0
Ltb4r1,0,1,1,0,1,0
Lhfpl2,0,0,0,1,0,0
Cdca5,0,1,0,1,1,0
Aqp1,0,0,0,1,0,0
Nars1,0,1,1,1,1,0
Cdc7,0,1,0,1,1,0
Epor,0,0,0,1,0,0
Trmt11,0,1,0,1,1,0
Rag2,0,1,0,0,1,0
Sp1,0,1,1,0,1,1
Dnajb1,0,1,1,1,0,0
Cad,0,1,0,1,1,0
Rcc1,0,1,0,1,1,0
Hp,0,1,1,0,1,0
Ddx39a,0,1,1,1,1,0
Glrx5,0,1,1,1,1,0
Gata3,0,1,1,0,1,0
Mki67,0,1,0,1,1,0
Zfp367,0,1,0,1,1,0
Cks2,0,1,1,1,1,0
Tfrc,0,1,0,1,1,0
Nusap1,0,1,0,1,1,0
Maea,0,1,1,1,1,0
E2f8,0,1,1,1,1,0
Mpo,0,1,1,0,1,0
Hells,0,1,1,1,1,0
Cenpa,0,1,0,1,1,0
Hbp1,0,1,0,0,1,0
Mcm6,0,1,0,1,1,0
Pfkp,0,1,0,0,1,0
Pold1,0,1,0,1,1,0
Fli1,0,0,1,0,1,1
Mycn,0,0,0,0,0,1
Pfkfb3,0,1,1,0,1,0
Nubp2,0,1,1,1,1,0
Cks1b,0,1,1,1,1,0
Appl2,0,0,0,0,0,1
Atad2,0,1,0,1,1,0
Oxct1,0,1,1,1,1,0
Runx1,0,0,0,1,0,1
Eml4,0,1,0,0,1,0
Fam111a,0,1,0,1,1,0
Abcb7,0,1,0,1,1,0
Akna,0,1,0,1,1,0
Gng12,0,1,1,1,1,0
Tfap2a,0,0,0,0,1,0
Mapk9,0,1,1,1,1,0
Gucy1a1,0,0,0,0,0,1
Sstr2,0,1,0,0,1,0
Yy1,0,1,0,0,0,0
Hjurp,0,1,1,1,1,0
Zfp397,0,1,1,1,1,0
Tyms,0,1,1,1,1,0
Nup93,0,1,1,1,1,0
Aurka,0,1,0,1,1,0
Tcf3,0,1,0,0,0,0
Cdc42ep4,0,0,0,1,1,0
Hcfc1,0,1,1,1,1,0
Ascl1,0,0,0,1,0,0
Tcn2,0,1,0,0,1,1
Ugcg,0,0,1,1,1,0
Rad51,0,1,0,1,1,0
Cd180,0,1,0,0,1,0
Fgf3,0,1,1,1,1,0
Spns3,0,1,1,0,1,0
Maml3,0,1,0,0,1,0
Usf2,0,1,0,0,1,0
Zbtb16,0,1,1,0,1,0
Cdk1,0,1,0,1,1,0
Dnmt1,0,1,1,1,1,0
Flna,0,1,1,0,1,0
Usp25,0,1,1,1,1,0
Cd68,0,0,0,0,1,0
Lig1,0,1,0,1,1,0
Gata1,0,0,0,1,0,0
Ppp1r15b,0,1,1,1,1,0
Slc19a1,0,1,0,1,1,0
Mitf,0,0,0,1,0,0
Gimap4,0,0,0,0,0,1
Tango2,0,1,0,1,1,0
Enoph1,0,1,0,1,1,0
Tal1,0,1,0,0,0,1
Mcm3,0,1,1,1,1,0
Cdt1,0,1,0,1,1,0
Hnrnpll,0,1,1,1,1,0
Tnfaip2,0,0,0,1,0,0
Mapkapk3,0,1,1,0,1,0
Irag2,0,1,0,0,0,0
Arrdc4,0,0,0,0,0,1
Aurkb,0,1,0,1,1,0
Pou2f2,0,1,0,0,0,0
Fam234b,0,0,0,1,0,0
E2f1,0,0,0,1,0,0
Cd55,0,0,0,1,0,1
Arhgef39,0,1,0,1,1,0
Isyna1,0,1,1,1,1,0
Nup85,0,1,1,1,1,0
Srebf1,0,1,0,0,0,0
Ccne1,0,1,0,1,1,0
Tfap2c,0,1,0,0,0,0
Ctsg,0,0,1,0,1,0
Tmod3,0,0,0,0,0,1
Nasp,0,1,1,1,1,0
Nfkb2,0,1,0,0,1,0
Ebf1,0,0,1,0,1,0
Xpo1,0,1,1,1,1,0
Crip2,0,1,0,1,1,0
Smc2,0,1,1,1,1,0
Irf3,0,1,0,0,1,0
Rara,0,0,0,1,0,0
Asf1b,0,1,0,1,1,0
Alad,0,0,0,1,0,0
Shmt1,0,1,1,0,1,0
Hmmr,0,1,0,1,1,0
Myc,0,1,0,0,1,0
Ar,0,1,0,1,0,0
Lgals1,0,1,1,0,1,0
Gata2,0,0,0,0,0,1
Rrm1,0,1,0,1,1,0
Trim47,0,0,0,0,0,1
Flnb,0,1,1,0,1,0
Cdc6,0,1,0,1,1,0
Cd24a,0,1,0,1,1,0
Tbc1d5,0,1,0,1,1,0
Spc24,0,1,0,1,1,0
Sun1,0,1,0,1,1,0
Hba-a1,0,1,0,1,1,0
Emid1,0,1,1,0,1,0
Tipin,0,1,1,1,1,0
Tpx2,0,1,0,1,1,0
Iars1,0,1,1,1,1,0
Bcl6,0,1,0,0,0,0
Thap11,0,1,0,1,0,0
Pold3,0,1,0,1,1,0
Pbk,0,1,0,1,1,0
Ube2c,0,1,0,1,1,0
Slc40a1,0,1,0,1,1,0
Junb,0,0,0,0,0,1
Ets1,0,1,0,0,0,1
Ikzf1,0,1,0,0,1,0
Prkar2b,0,0,0,1,1,0
Pik3ap1,0,1,0,0,1,0
Irf4,0,1,0,1,0,0
Ckap2l,0,1,1,1,1,0
Ube2l6,0,0,0,1,0,0
Ect2,0,1,0,1,1,0
E2f2,0,1,0,0,0,0
Rnf220,0,1,0,0,1,0
Pear1,0,0,0,0,0,1
Plaur,0,1,0,0,1,1
Tcirg1,0,1,0,0,1,1
Foxm1,0,1,0,0,0,0
Hmbs,0,1,0,1,1,0
Fh1,0,1,1,1,1,0
Plxnb2,0,1,0,0,0,1
Cyth3,0,0,0,1,0,0
Ablim1,0,1,0,0,1,0
Prc1,0,1,0,1,1,0
Sirpa,0,1,1,0,1,1
Cebpa,0,0,0,1,0,0
Kif11,0,1,0,1,1,0
Tgm2,0,0,0,0,0,1
Fech,0,0,0,1,0,0
Cenpi,0,1,0,1,1,0
Sgo1,0,1,0,1,1,0
Relb,0,1,0,0,1,0
Inpp5b,0,1,1,1,1,0
Dtl,0,1,1,1,1,0
Rpn1,0,1,1,1,1,0
Dock10,0,1,0,0,1,0
Memo1,0,1,0,1,1,0
Idh3a,0,1,1,1,1,0
Ccnf,0,1,0,1,1,0
Mt2,0,0,0,1,0,0
Slc25a46,0,1,0,1,1,0
Dnajc9,0,1,1,1,1,0
Oat,0,1,0,1,1,0
Hsph1,0,1,0,1,1,0
Dusp5,1,1,0,0,0,1
Ppt1,1,1,0,0,1,1
Narf,1,0,1,1,0,1
Ptpre,1,1,1,0,1,0
Stx3,1,0,1,0,0,1
Cbx5,1,1,1,1,1,0
Myl10,1,0,0,0,0,1
Fggy,1,0,1,0,0,1
Anxa4,1,0,1,0,0,1
Fcgrt,1,0,1,0,0,1
Icam1,1,0,1,0,0,1
Anxa1,1,1,1,0,1,0
Anxa3,1,1,1,0,1,0
Lcp1,1,1,1,0,1,1
Adgrg1,1,0,1,0,0,1
Scarf1,1,0,1,0,0,1
Syk,1,1,1,0,1,0
Sh2d3c,1,0,0,0,0,1
Rgs2,1,1,1,0,1,1
Otulinl,1,1,1,0,1,1
Stat3,1,0,1,0,1,1
Mcfd2,1,1,1,0,1,0
Mgat5,1,1,1,0,1,0
Rbpms,1,0,1,0,0,1
Birc3,1,1,1,0,1,1
Unc93b1,1,1,0,0,1,1
Obscn,1,0,1,0,0,1
Myof,1,0,1,0,0,1
Zbtb20,1,0,1,0,0,1
Snap23,1,0,1,1,1,1
Ctss,1,1,1,0,1,1
Nfatc1,1,1,1,0,1,0
Runx2,1,0,0,0,0,1
Efcc1,1,0,1,0,0,1
Fcgr2b,1,1,1,0,1,1
Ak3,1,0,1,1,0,1
Coq8a,1,0,1,0,0,1
Shmt2,1,1,1,1,1,0
Cyth4,1,0,1,0,0,1
Zfp36,1,0,1,0,0,1
Rtp4,1,0,1,0,0,1
Acot7,1,1,1,0,1,1
Nbeal2,1,0,1,0,0,1
Thbs1,1,0,1,0,0,1
Crispld1,1,0,1,0,0,1
Pde4b,1,0,1,0,0,1
Slc7a8,1,0,1,0,0,1
Vipr2,1,0,1,0,0,1
Fgd2,1,1,1,0,1,1
Tmsb4x,1,1,1,0,1,1
Coro1a,1,1,1,0,1,1
Lrrfip1,1,0,1,0,0,1
Plin2,1,0,1,1,1,1
Septin6,1,1,1,0,0,1
Gbp5,1,0,1,0,0,1
Dusp6,1,1,0,0,0,0
Sppl2b,1,1,1,1,1,0
Mylk,1,1,1,0,1,1
Ier3,1,1,1,0,1,1
Sesn1,1,0,1,0,0,1
Pdk3,1,0,1,1,0,1
Ppox,1,0,1,1,0,1
Rassf5,1,1,0,0,1,1
Emb,1,1,1,0,1,1
Mef2c,1,1,1,0,1,1
Lsp1,1,1,0,0,0,1
Tfec,1,1,1,0,1,1
Pou5f1,1,0,1,0,1,1
Gli2,1,1,0,0,0,1
Ndrg2,1,0,1,0,0,1
Sat1,1,0,1,0,1,1
Xpc,1,1,0,0,1,0
Nr2f1,1,0,0,1,0,1
Selenop,1,1,1,0,0,1
Nelfcd,1,1,1,1,1,0
Parvg,1,1,1,0,1,0
Ifi27l2a,1,1,1,0,1,0
Elmo1,1,1,1,0,1,1
Oxr1,1,0,1,0,0,1
H2-Ob,1,1,0,0,0,0
Notch1,1,1,1,0,0,1
Cnrip1,1,0,0,0,0,1
Cd274,1,0,1,0,0,1
Il12a,1,1,0,0,1,0
Tek,1,0,1,0,0,1
B4galt4,1,0,1,0,0,1
Ltbp3,1,0,1,0,0,1
Ampd3,1,0,1,1,0,0
Rab37,1,0,1,0,0,1
Glud1,1,1,1,0,1,1
Mllt3,1,0,0,0,0,1
Cerk,1,1,1,0,1,1
Prkcq,1,0,1,0,0,1
Tspan4,1,0,0,0,0,1
Zeb2,1,0,1,1,1,1
Mecom,1,0,0,0,0,1
Klhl12,1,0,1,1,0,1
Skap2,1,1,1,0,1,1
Ppcdc,1,0,1,0,0,1
Ccar1,1,1,1,1,1,0
Abcg2,1,0,0,1,0,1
Neurl3,1,0,1,0,0,1
Cmas,1,0,1,0,0,1
Hpcal1,1,0,1,0,0,1
Pstpip1,1,1,1,0,1,0
Tmbim1,1,0,1,0,0,1
Gas6,1,0,1,0,0,1
Ampd2,1,1,1,0,1,1
Sort1,1,1,0,0,1,1
Ifi27,1,1,1,1,0,0
Nfe2l2,1,0,1,1,0,1
Gpc1,1,1,0,0,1,0
Pnrc1,1,0,0,0,0,1
Satb1,1,1,0,0,0,1
Cd9,1,0,1,0,0,1
Ms4a2,1,0,1,0,0,1
Ltb,1,0,0,0,0,1
Psap,1,0,1,0,0,1
Rabgap1l,1,0,1,0,0,0
Rigi,1,0,1,0,0,1
Cd79b,1,1,0,0,1,1
Ndrg1,1,0,1,0,0,0
Gramd1a,1,1,1,0,0,1
Tec,1,0,1,0,0,1
Itga2b,1,0,1,0,0,1
Maml2,1,0,1,0,0,1
Myo5c,1,0,0,0,0,1
Camk1d,1,1,0,0,1,1
Cd34,1,1,1,0,1,0
Jak3,1,0,1,0,0,1
Sptbn1,1,1,1,0,1,1
Abi2,1,1,0,0,0,1
Zfand5,1,0,0,0,0,1
Ccl4,1,0,1,0,0,1
Lmo4,1,0,1,0,0,1
Pygl,1,0,1,0,0,1
Phactr2,1,0,1,0,0,1
Cbx7,1,0,0,0,0,1
Gabbr1,1,0,0,0,0,1
Acss2,1,0,1,1,0,1
Bpifc,1,0,1,0,0,1
Zfp521,1,0,1,0,0,1
Dock11,1,1,1,0,1,1
Nceh1,1,0,1,0,0,1
Ncf4,1,1,1,0,1,0
Tnfaip8,1,1,1,0,1,1
Stat1,1,1,0,0,1,1
Hoxa9,1,1,0,0,0,1
G6pc3,1,1,1,0,1,0
Tie1,1,0,1,0,0,1
Rel,1,1,0,0,1,1
Mn1,1,1,0,0,1,0
C1ra,1,0,1,0,0,1
Paqr5,1,1,0,0,0,0
Cd244a,1,1,1,0,1,0
Gaa,1,0,1,0,0,1
Man1a,1,1,0,0,1,1
Osbpl5,1,0,1,0,0,1
Cd37,1,1,1,0,1,0
Timp2,1,0,1,0,0,1
Nr1h3,1,0,0,0,0,1
Bace1,1,0,1,0,1,1
Lcp2,1,0,1,0,0,1
Nav1,1,1,0,0,0,1
Hnf1b,1,1,1,0,1,1
Il4ra,1,0,1,0,0,1
Psme3,1,1,1,1,1,0
Ccl3,1,0,1,0,0,1
Srebf2,1,0,0,1,0,1
Vwf,1,0,1,0,0,1
Socs5,1,0,1,0,0,1
Col4a2,1,0,1,0,0,1
Csf2rb,1,1,1,0,1,1
Csf3r,1,1,1,0,1,0
Ebi3,1,0,1,0,0,1
Cd33,1,1,1,0,1,0
Arid5a,1,1,0,0,0,1
Arhgap27,1,1,0,0,0,0
Pttg1ip,1,0,1,1,0,1
Angpt1,1,0,1,0,0,1
Maged1,1,0,1,0,0,1
Ctsl,1,0,0,1,0,1
Galnt6,1,0,1,0,0,0
E2f4,1,1,1,0,1,0
Igfbp4,1,1,1,0,1,0
Trp53inp1,1,0,1,0,0,1
Txnip,1,0,0,0,0,1
Fgl2,1,1,0,0,1,1
Hlf,1,1,1,0,0,1
Ncf1,1,1,1,0,1,1
Camk2d,1,0,1,0,0,1
Fchsd2,1,0,1,0,0,0
Ormdl3,1,0,1,0,0,1
Laptm4b,1,0,1,0,0,1
Ly9,1,1,1,0,1,0
Epsti1,1,1,0,0,1,1
Tbxas1,1,0,1,0,0,1
Ddx60,1,0,1,0,0,1
Ldhb,1,0,0,0,0,1
Vav3,1,1,1,0,1,1
Dusp1,1,0,1,0,0,1
Zmiz1,1,1,1,0,1,1
Epas1,1,0,1,1,1,1
Tsc22d3,1,0,1,0,0,1
Fmnl2,1,0,0,0,0,1
Kctd12,1,1,0,0,0,1
Pparg,1,0,1,0,1,1
Nde1,1,1,1,1,1,0
Fndc3a,1,1,1,0,1,1
Lck,1,1,1,0,0,1
Zfp704,1,0,1,0,0,1
Pecam1,1,1,1,0,0,1
Ypel3,1,0,0,0,0,1
Isg20,1,0,0,1,0,1
Acox1,1,0,1,0,0,1
Ptprc,1,0,1,0,0,1
Tyrobp,1,1,1,0,1,0
Triobp,1,0,1,0,0,1
Cnpy3,1,1,1,0,1,1
Fos,1,1,1,0,1,1
Gsap,1,0,1,0,0,1
Mmrn1,1,0,1,0,0,1
Eng,1,0,0,0,0,1
Rcsd1,1,1,1,0,1,0
Madd,1,0,1,0,0,1
Trpc6,1,0,0,0,0,1
Klhdc8b,1,0,1,1,0,1
Tnfrsf1a,1,1,1,0,1,1
Ahnak,1,0,1,0,0,1
Faah,1,1,0,0,0,1
Ctsc,1,1,0,0,1,1
Samsn1,1,0,1,0,0,1
Dennd2d,1,0,1,0,0,1
Mpl,1,0,0,0,0,1
Cebpe,1,1,1,0,1,1
Abcg3,1,1,0,0,0,1
Rnf13,1,1,0,0,0,1
Prkab1,1,0,1,1,0,0
Rhoh,1,1,0,0,0,1
Slc48a1,1,0,1,0,0,1
Pbx1,1,0,1,0,0,1
Itsn1,1,0,1,0,0,1
Psmd5,1,1,1,1,0,0
Sash3,1,1,1,0,0,1
Gm2a,1,1,1,0,1,1
Cish,1,0,1,0,0,1
Tbxa2r,1,1,0,0,0,1
Zyx,1,0,1,0,0,1
Ninj1,1,0,1,0,0,1
Meis1,1,1,1,0,0,1
Cers4,1,0,1,0,0,1
Hes1,1,1,1,0,1,1
Snx10,1,0,1,0,0,1
Foxk2,1,0,1,1,1,1
Lamp2,1,0,1,0,0,1
Trip6,1,0,1,0,0,1
Rassf2,1,1,0,0,1,1
Msn,1,0,1,0,0,1
Nfat5,1,0,0,0,0,1
Flywch1,1,0,1,0,0,1
Impdh1,1,1,0,0,1,0
Traf3ip3,1,1,1,0,1,1
Adgrg3,1,1,1,0,1,0
Il12rb1,1,0,1,0,0,1
Emcn,1,0,1,0,0,1
Tnip3,1,0,1,0,0,1
Prkch,1,0,1,0,0,1
Cd53,1,1,1,0,1,0
Scaper,1,0,1,0,0,1
Il15,1,0,1,0,0,1
Flt3,1,1,0,0,0,0
Susd3,1,1,0,0,0,1
Esr1,1,1,0,0,0,1
Aff4,1,0,1,0,0,1
Serpinf1,1,0,1,0,0,1
Alcam,1,1,1,0,1,1
Smchd1,1,1,1,1,1,0
Pink1,1,0,1,0,0,1
Slc43a2,1,0,1,0,0,1
Casp8,1,1,1,0,1,1
Cadps2,1,0,1,0,0,1
Mctp1,1,1,1,0,1,1
Gimap3,1,0,0,0,0,1
Sgms1,1,0,1,0,0,1
Nfkbia,1,0,1,0,0,1
Gclm,1,0,1,1,0,0
Cers6,1,1,1,0,1,0
Plcg2,1,1,1,0,1,0
Slc50a1,1,0,0,0,0,1
Id2,1,0,1,0,0,1
Krt18,1,0,1,0,0,1
Gcnt2,1,1,0,0,0,1
Casp4,1,0,1,0,0,1
Ldlr,1,0,1,0,0,1
Bcl2,1,1,1,0,1,1
Drc7,1,1,0,0,1,1
Pde4dip,1,1,0,0,1,0
H2-DMb2,1,1,0,0,1,0
Prodh,1,1,1,0,1,0
Vav1,1,0,1,0,0,1
Myb,1,0,0,0,1,1
Casp1,1,1,1,0,1,1
Tpd52,1,1,0,0,1,1
Psd4,1,1,1,0,1,1
App,1,1,1,0,1,0
Msh6,1,1,1,1,1,0
Rchy1,1,0,1,0,0,1
Cdk18,1,0,1,0,0,1
Il1r1,1,1,0,0,0,1
Dock9,1,0,1,0,1,1
Hnf4a,1,1,0,0,1,1
Cd84,1,0,1,0,0,1
Sox2,1,1,1,0,1,1
Slc44a2,1,1,1,0,1,1
Cd74,1,0,1,0,0,1
Irf2,1,0,0,1,0,1
Gart,1,1,1,1,1,0
Litaf,1,0,1,0,0,1
Dnajc3,1,1,1,1,1,0
Fut8,1,0,1,0,0,1
Plek,1,1,0,0,0,0
Cdc14a,1,1,0,0,1,1
Pvr,1,0,1,0,0,1
Edem2,1,1,1,0,1,1
Pimreg,1,1,1,0,1,0
Etv6,1,1,0,0,0,0
Rgs1,1,0,1,0,0,1
Cd82,1,0,0,1,0,0
Cnot6l,1,0,1,0,0,1
Foxp1,1,1,1,0,1,1
Plac8,1,1,1,0,1,0
Atp11a,1,1,1,0,1,1
Fam107b,1,1,1,0,1,1
Gimap5,1,0,0,0,0,1
Por,1,0,1,0,0,1
Ifngr1,1,0,1,1,1,1
Dhrs3,1,1,0,0,1,0
Rasa4,1,1,0,0,0,1
Tnfrsf13b,1,0,1,0,0,1
Rnf43,1,0,1,1,0,1
Flot1,1,0,1,0,0,1
Pkm,1,1,1,0,1,1
Ppp1r15a,1,0,1,0,0,1
Spi1,1,1,1,0,1,1
Ccng2,1,0,1,0,0,1
Epb41l3,1,0,1,0,0,1
Tspan14,1,1,0,0,1,1
Gstm1,1,0,1,0,1,1
Cyfip2,1,1,0,0,0,1
Mgst1,1,1,1,0,1,1
Anxa2,1,0,1,0,1,0
Cxxc5,1,0,1,0,0,1
Sh2b3,1,0,1,0,0,1
Btg2,1,0,1,0,0,1
Dntt,1,1,0,0,0,0
Myo5a,1,1,0,0,1,1
Dnpep,1,1,0,1,0,1
St3gal6,1,0,1,1,0,1
Heatr5a,1,0,1,1,0,1
Prune2,1,1,1,0,1,1
Vldlr,1,0,1,0,0,1
Padi4,1,0,1,0,0,1
Sdc1,1,1,1,0,0,1
Socs2,1,0,1,0,0,1
Gbe1,1,0,1,0,1,0
Gmpr,1,0,1,0,0,1
Haao,1,1,0,0,1,0
Shisa5,1,0,0,0,0,1
Pdgfrb,1,0,1,0,0,1
Tgfbi,1,0,1,0,0,1
Slc28a2,1,1,1,0,1,1
Tprg1l,1,1,0,1,0,1
Slc25a11,1,0,1,0,0,1
St8sia4,1,1,1,0,1,1
Egr1,1,1,0,0,1,1
Ikzf2,1,0,1,0,0,1
Themis2,1,0,1,0,1,1
Eya2,1,0,1,0,0,1
Arhgap15,1,0,1,0,0,0
B4galt6,1,1,1,0,1,0
Sptan1,1,1,1,0,1,1
Smarca2,1,0,1,0,0,1
Serpinb1a,1,1,1,0,1,0
Tcf4,1,0,1,1,1,0
Tapt1,1,1,1,1,1,0
Ier2,1,0,1,0,0,1
Macf1,1,0,1,0,0,0
Ifitm1,1,0,1,0,0,1
