signature,Prom1,Prom2,Rep,Cycl,Neu,Alt
HSC,0.9999999998676328,0.059094156047401654,1.0,1.0,1.0,0.40919415712279644
Bcell,0.9999999998676328,0.7704825847587299,1.0,1.0,1.0,1.0
NK,0.9999999998676328,0.0042449619584548175,1.0,1.0,0.06268466242381056,0.011359633042719778
NaiveT,0.9999999998676328,0.7704825847587299,1.0,1.0,1.0,0.6551024731097848
Mono,0.9999999998676328,0.4102232498523615,1.0,0.6379340218377951,0.00746088602202457,0.324893630292884
Gran,0.9999999998676328,0.8822584170249633,1.0,5.5025828726956515e-08,3.77070044709071e-23,0.15682162348760634
N.er,0.04377380253753642,0.7704825847587299,0.04397275880809761,3.53622238644048e-14,1.0,0.40919415712279644
Diff,0.9999999998676328,0.7704825847587299,1.0,0.7650315635887347,1.0,1.0
Lymph,0.09245633687758303,1.0,0.04397275880809761,1.0,1.0,1.0
Mye,0.9999999998676328,0.00460420768258999,1.0,0.001728300922006865,1.0431991352156422e-28,0.0001775149974671045
Mm_LT_HSC_Venezia,0.9999999998676328,0.0042449619584548175,1.0,1.0,0.0008044842265719935,0.07797245312648865
Mm_Proliferation_Venezia,2.603441519892816e-46,1.0,3.2478132127242847e-46,4.19390484412618e-10,1.0,1.0
Mm_Quiescence_Venezia,0.9999999998676328,3.5032821590797724e-08,1.0,1.0,3.520876219395578e-07,1.0314457534503103e-11
Mm_Adult_HSC_UP_Venezia,0.9999999998676328,3.5032821590797724e-08,1.0,1.0,1.367976175190057e-11,2.111938722676603e-23
Polarity_factors_Ting,0.9999999998676328,0.7704825847587299,1.0,0.046345151902383634,0.9386553805773876,1.0
Novel_HSC_regul_polar_Ting,0.0737274051479931,1.0,1.0,0.21467371586202386,1.0,1.0
